City_ID,City,Country,Lat,Lng,Max Temp,Humidity,Cloudiness,Wind Speed,Current Description
0,Porto Novo,BJ,6.4965,2.6036,82.22,81,87,6.53,overcast clouds
1,Knysna,ZA,-34.0363,23.0471,56.79,82,18,6.35,few clouds
2,Punta Arenas,CL,-53.15,-70.9167,44.71,81,40,6.91,scattered clouds
3,Vaini,TO,-21.2,-175.2,84.36,79,40,6.91,scattered clouds
4,Kapaa,US,22.0752,-159.319,82.38,84,95,5.01,moderate rain
5,Buraydah,SA,26.326,43.975,75.65,19,0,9.33,clear sky
6,Mar Del Plata,AR,-38.0023,-57.5575,64.09,91,0,2.3,clear sky
7,Yellowknife,CA,62.456,-114.3525,14.56,48,20,9.22,few clouds
8,Albany,US,42.6001,-73.9662,40.64,89,100,2.3,light rain
9,Cabo San Lucas,MX,22.8909,-109.9124,86.61,42,100,10.27,overcast clouds
10,Bathsheba,BB,13.2167,-59.5167,81.21,69,40,16.11,scattered clouds
11,Barrow,US,71.2906,-156.7887,6.82,72,0,21.85,clear sky
12,Mandalgovi,MN,45.7625,106.2708,34.47,52,100,13.6,overcast clouds
13,Flin Flon,CA,54.7682,-101.865,30.04,34,100,5.75,overcast clouds
14,Grand Gaube,MU,-20.0064,57.6608,79.2,86,19,5.99,few clouds
15,Usinsk,RU,65.9939,57.5281,15.01,95,53,5.57,broken clouds
16,Bredasdorp,ZA,-34.5322,20.0403,57.07,79,0,8.3,clear sky
17,Pran Buri,TH,12.3847,99.9098,77.76,82,56,3.22,broken clouds
18,Souillac,MU,-20.5167,57.5167,79.18,83,75,8.05,broken clouds
19,Ribeira Grande,PT,38.5167,-28.7,60.1,77,22,17.02,few clouds
20,Busselton,AU,-33.65,115.3333,56.93,72,21,8.86,few clouds
21,Qaanaaq,GL,77.484,-69.3632,-15.54,78,40,6.04,scattered clouds
22,Bluff,NZ,-46.6,168.3333,50.81,65,90,6.38,overcast clouds
23,Hobart,AU,-42.8794,147.3294,62.26,85,0,1.14,clear sky
24,Goderich,CA,43.7501,-81.7165,34.92,64,59,8.05,broken clouds
25,Pevek,RU,69.7008,170.3133,7.5,91,100,6.22,overcast clouds
26,Rikitea,PF,-23.1203,-134.9692,78.49,70,7,13.67,light rain
27,Constitucion,CL,-35.3333,-72.4167,54.12,82,3,7.49,clear sky
28,Prince Rupert,CA,54.3161,-130.3201,48.29,43,0,9.22,clear sky
29,Bambous Virieux,MU,-20.3428,57.7575,79.05,83,75,8.05,light rain
30,Tuktoyaktuk,CA,69.4541,-133.0374,1.4,66,20,5.75,few clouds
31,Trairi,BR,-3.2778,-39.2689,78.58,81,100,4.88,overcast clouds
32,Tikapur,NP,28.5,81.1333,73.63,21,0,5.01,clear sky
33,Jamestown,US,42.097,-79.2353,43.52,43,20,17.27,few clouds
34,Port Alfred,ZA,-33.5906,26.891,61.18,89,100,10.74,overcast clouds
35,Georgetown,MY,5.4112,100.3354,80.53,93,20,2.3,few clouds
36,Upernavik,GL,72.7868,-56.1549,-10.84,95,29,10.92,scattered clouds
37,New Norfolk,AU,-42.7826,147.0587,61.92,65,100,3.58,overcast clouds
38,Bilma,NE,18.6853,12.9164,85.86,10,17,9.44,few clouds
39,Ushuaia,AR,-54.8,-68.3,40.66,52,0,5.75,clear sky
40,Mattru,SL,7.6244,-11.8332,78.19,78,87,2.06,overcast clouds
41,Puerto Ayora,EC,-0.7393,-90.3518,80.56,82,75,8.41,broken clouds
42,Nizhnyaya Tavda,RU,57.6731,66.1725,32.27,85,37,8.77,scattered clouds
43,Hermanus,ZA,-34.4187,19.2345,57.79,78,2,16.78,clear sky
44,Sisimiut,GL,66.9395,-53.6735,18.91,65,26,7.29,scattered clouds
45,Cape Town,ZA,-33.9258,18.4232,59.92,70,0,11.99,clear sky
46,Caravelas,BR,-17.7125,-39.2481,77.52,67,100,11.12,overcast clouds
47,Provideniya,RU,64.3833,-173.3,32.31,91,91,12.55,light snow
48,Kyabe,TD,9.4515,18.9449,88.23,32,15,3.98,few clouds
49,Quelimane,MZ,-17.8786,36.8883,80.55,89,75,5.75,broken clouds
50,Chuy,UY,-33.6971,-53.4616,59.47,80,40,6.24,scattered clouds
51,Kahului,US,20.8947,-156.47,76.84,84,100,1.99,overcast clouds
52,Kodinsk,RU,58.6881,99.1844,37.36,98,100,4.94,overcast clouds
53,Krasnaya Gorka,RU,55.1962,56.6673,30.18,84,48,1.92,scattered clouds
54,Stepnyak,KZ,52.8339,70.7803,48.88,64,99,5.91,overcast clouds
55,Port Elizabeth,ZA,-33.918,25.5701,62.89,81,20,9.22,few clouds
56,Mahebourg,MU,-20.4081,57.7,79.09,83,75,8.05,broken clouds
57,Aswan,EG,24.0934,32.907,85.3,12,0,5.75,clear sky
58,Palu,ID,-0.8917,119.8707,76.33,95,100,2.28,overcast clouds
59,Airai,TL,-8.9266,125.4092,63.95,85,54,1.61,broken clouds
60,Biak,ID,-0.9131,122.8766,78.3,83,89,2.3,overcast clouds
61,Torit,SS,4.4133,32.5678,69.4,83,96,2.3,overcast clouds
62,Taltal,CL,-25.4,-70.4833,62.49,77,22,5.86,few clouds
63,San Policarpo,PH,12.1791,125.5072,79.7,82,97,7.31,overcast clouds
64,Novyy Urengoy,RU,66.0833,76.6333,12.4,92,100,16.51,overcast clouds
65,Dikson,RU,73.5069,80.5464,10.15,94,100,15.37,overcast clouds
66,Qaqortoq,GL,60.7167,-46.0333,28.4,85,6,5.21,clear sky
67,Lazarev,RU,52.225,141.5131,29.71,97,100,8.28,snow
68,Luang Prabang,LA,19.8856,102.1347,72.95,77,11,1.21,light rain
69,Vila,PT,42.0304,-8.1588,49.69,85,78,2.77,broken clouds
70,Mataura,NZ,-46.1927,168.8643,50.49,61,73,4.56,broken clouds
71,Avarua,CK,-21.2078,-159.775,80.65,78,100,9.22,overcast clouds
72,Punta Cardon,VE,11.6581,-70.215,79.0,79,25,33.51,scattered clouds
73,Atuona,PF,-9.8,-139.0333,79.41,79,18,15.79,few clouds
74,East London,ZA,-33.0153,27.9116,62.1,80,100,7.92,light rain
75,Berlin,DE,52.5244,13.4105,42.08,60,0,7.0,clear sky
76,Kudahuvadhoo,MV,2.6708,72.8944,83.35,74,83,9.33,broken clouds
77,Kaitangata,NZ,-46.2817,169.8464,52.07,59,82,5.19,broken clouds
78,Port Lincoln,AU,-34.7333,135.8667,65.17,87,100,9.22,moderate rain
79,Oranienburg,DE,52.75,13.2333,44.06,70,26,4.63,scattered clouds
80,Sur,OM,22.5667,59.5289,86.05,40,0,5.66,clear sky
81,Pisco,PE,-13.7,-76.2167,68.05,73,0,24.16,clear sky
82,Taitung,TW,22.7583,121.1444,68.27,68,75,6.91,broken clouds
83,Lloydminster,CA,53.2835,-110.0016,28.62,86,75,8.05,broken clouds
84,Esperance,AU,-33.8667,121.9,58.84,74,80,13.18,broken clouds
85,Babstovo,RU,48.1167,132.4833,38.01,66,15,14.43,few clouds
86,Chihuahua,MX,28.5,-106.0,85.96,5,97,2.3,overcast clouds
87,Kangaatsiaq,GL,68.3065,-53.4641,1.31,95,74,5.32,broken clouds
88,Vao,NC,-22.6667,167.4833,76.6,70,0,8.03,clear sky
89,Tautira,PF,-17.7333,-149.15,80.08,75,15,10.96,light rain
90,Northam,GB,51.0333,-4.2167,54.61,57,99,8.99,overcast clouds
91,Funza,CO,4.7164,-74.212,59.04,77,75,6.91,thunderstorm
92,Gulbarga,IN,17.3333,76.8333,85.66,48,100,11.61,overcast clouds
93,San Patricio,US,28.017,-97.5169,89.69,65,94,14.67,overcast clouds
94,Klaksvik,FO,62.2266,-6.589,47.32,95,100,21.34,overcast clouds
95,Juneau,US,58.3019,-134.4197,43.21,67,100,0.83,overcast clouds
96,Havelock,US,34.8791,-76.9013,71.98,87,100,9.22,overcast clouds
97,Hay River,CA,60.8156,-115.7999,10.38,61,75,13.8,broken clouds
98,Vestmannaeyjar,IS,63.4427,-20.2734,46.98,92,100,17.43,light rain
99,Kawalu,ID,-7.3817,108.2082,71.85,97,54,1.16,broken clouds
100,Atar,MR,20.5169,-13.0499,82.24,11,0,4.76,clear sky
101,Isangel,VU,-19.55,169.2667,84.09,68,12,5.32,few clouds
102,Llaillay,CL,-32.85,-70.9667,72.25,51,0,2.26,clear sky
103,Marzuq,YE,14.4,46.4667,70.43,41,0,4.99,clear sky
104,Hilo,US,19.7297,-155.09,74.28,93,100,6.91,moderate rain
105,Chapleau,CA,47.8405,-83.4034,28.49,50,75,6.91,broken clouds
106,Mabaruma,GY,8.2,-59.7833,74.86,91,75,4.94,broken clouds
107,Grindavik,IS,63.8424,-22.4338,46.87,93,75,16.11,broken clouds
108,Sneek,NL,53.033,5.6589,45.95,72,21,7.83,few clouds
109,Westport,US,41.1415,-73.3579,60.75,75,91,5.99,overcast clouds
110,Poronaysk,RU,49.2167,143.1167,33.22,81,100,11.3,overcast clouds
111,Ellensburg,US,46.9965,-120.5479,46.85,63,100,8.01,overcast clouds
112,Maralal,KE,1.0968,36.698,61.74,79,100,2.19,light rain
113,Victor Rosales,MX,22.95,-102.7,84.38,9,81,12.46,broken clouds
114,Clyde River,CA,70.4692,-68.5914,-5.57,84,100,5.75,overcast clouds
115,Faanui,PF,-16.4833,-151.75,81.73,72,7,14.56,clear sky
116,Wagar,SD,16.1525,36.2032,85.08,39,65,7.63,broken clouds
117,Lebu,CL,-37.6167,-73.65,54.48,88,37,12.06,scattered clouds
118,Tasiilaq,GL,65.6145,-37.6368,35.29,97,100,12.5,light snow
119,Wahiawa,US,21.5028,-158.0236,75.52,77,100,8.05,overcast clouds
120,Kodiak,US,57.79,-152.4072,38.91,74,100,14.43,light rain
121,Kieta,PG,-6.2167,155.6333,82.8,75,100,2.39,light rain
122,Batticaloa,LK,7.7102,81.6924,79.07,87,66,6.58,broken clouds
123,Saint-Pierre,RE,-21.3393,55.4781,75.9,77,75,5.75,broken clouds
124,Fairbanks,US,64.8378,-147.7164,34.25,31,0,12.66,clear sky
125,Baruun-Urt,MN,46.6806,113.2792,38.48,49,41,6.64,scattered clouds
126,Chekhov,RU,55.1431,37.4711,35.85,86,100,13.62,light snow
127,Omboue,GA,-1.5746,9.2618,77.61,90,100,3.58,light rain
128,Richards Bay,ZA,-28.783,32.0377,63.37,88,100,5.95,light rain
129,Jevargi,IN,17.0167,76.7667,86.9,43,99,9.69,overcast clouds
130,Nouadhibou,MR,20.931,-17.0347,64.38,94,75,14.97,broken clouds
131,Saint-Denis,FR,48.9167,2.3333,57.15,59,0,9.22,clear sky
132,Bengkulu,ID,-3.8004,102.2655,76.6,88,100,3.67,overcast clouds
133,Maraba,BR,-5.3686,-49.1178,78.98,100,20,0.0,few clouds
134,Guozhen,CN,34.3659,107.359,48.07,79,100,3.51,overcast clouds
135,Thompson,CA,55.7435,-97.8558,26.76,39,75,5.75,broken clouds
136,Loyga,RU,61.0784,44.6075,23.13,97,15,2.82,few clouds
137,Tevaitoa,PF,-16.7833,-151.5,81.21,73,10,13.78,clear sky
138,Freeport,US,40.6576,-73.5832,60.03,73,75,8.99,broken clouds
139,Vorobyevka,RU,50.6451,40.9245,51.51,75,100,12.66,overcast clouds
140,Iralaya,HN,15.0,-83.2333,80.92,70,57,8.08,broken clouds
141,Dolzhanskaya,RU,46.6311,37.8039,48.85,78,100,8.9,overcast clouds
142,Hithadhoo,MV,-0.6,73.0833,82.9,66,65,6.71,broken clouds
143,Hollola,FI,61.05,25.4333,30.45,84,46,3.76,scattered clouds
144,Norman Wells,CA,65.282,-126.8329,15.84,38,20,3.44,few clouds
145,Dingle,PH,10.9995,122.6711,78.28,86,50,5.46,scattered clouds
146,Lamu,KE,-2.2717,40.902,81.39,79,99,12.53,overcast clouds
147,Vuktyl,RU,63.8567,57.3094,14.45,94,75,5.1,broken clouds
148,Tual,ID,-5.6667,132.75,83.77,73,100,4.14,light rain
149,Nanortalik,GL,60.1432,-45.2371,29.26,87,11,10.56,few clouds
150,Torbay,CA,47.6666,-52.7314,50.77,47,40,28.77,scattered clouds
151,Ketchikan,US,55.3422,-131.6461,44.58,39,26,4.41,scattered clouds
152,Narsaq,GL,60.9167,-46.05,28.51,84,5,3.74,clear sky
153,Kaliningrad,RU,54.7065,20.511,37.45,91,85,5.99,overcast clouds
154,Severo-Kurilsk,RU,50.6789,156.125,32.13,71,100,10.63,overcast clouds
155,Taksimo,RU,56.3444,114.8794,23.09,83,100,1.5,overcast clouds
156,Saquena,PE,-4.6667,-73.5167,76.86,91,58,1.59,broken clouds
157,Mae Ramat,TH,16.984,98.5166,74.19,90,12,0.49,few clouds
158,Castro,BR,-24.7911,-50.0119,53.4,87,0,3.13,clear sky
159,Sanand,IN,22.9833,72.3833,82.62,52,0,6.55,clear sky
160,Atambua,ID,-9.1061,124.8925,75.56,85,81,2.37,broken clouds
161,Ilulissat,GL,69.2167,-51.1,-3.51,92,4,4.94,clear sky
162,Zalantun,CN,48.0,122.7167,39.02,30,85,4.34,overcast clouds
163,Requena,ES,39.4883,-1.1004,55.53,55,22,4.21,few clouds
164,Khorixas,NA,-20.3667,14.9667,68.67,47,10,0.58,clear sky
165,Lorengau,PG,-2.0226,147.2712,83.07,76,34,5.77,scattered clouds
166,Butaritari,KI,3.0707,172.7902,81.59,77,26,13.15,scattered clouds
167,Severo-Yeniseyskiy,RU,60.3725,93.0408,38.12,94,100,11.95,overcast clouds
168,Porbandar,IN,21.6422,69.6093,79.57,73,0,9.24,clear sky
169,Ulaangom,MN,49.9811,92.0667,36.91,37,1,1.19,clear sky
170,Portland,US,45.5234,-122.6762,55.53,62,92,10.0,overcast clouds
171,Harper,LR,4.375,-7.7169,78.57,84,98,4.76,light rain
172,Kasongo-Lunda,CD,-6.4667,16.8167,70.18,97,66,0.51,light rain
173,Bosaso,SO,11.2842,49.1816,83.48,62,4,6.44,clear sky
174,Rutana,BI,-3.8667,30.1,55.83,90,62,2.53,broken clouds
175,Te Anau,NZ,-45.4167,167.7167,47.89,70,97,1.52,overcast clouds
176,Mount Isa,AU,-20.7333,139.5,78.57,25,19,3.44,few clouds
177,Erenhot,CN,43.6475,111.9767,44.49,30,91,5.93,overcast clouds
178,Akyab,MM,20.15,92.9,78.89,82,17,1.28,few clouds
179,Hasaki,JP,35.7333,140.8333,50.4,55,85,7.94,overcast clouds
180,Kalmunai,LK,7.4167,81.8167,78.87,87,86,9.78,overcast clouds
181,Vila Velha,BR,-20.3297,-40.2925,76.95,77,75,9.22,broken clouds
182,Adrar,MR,20.5022,-10.0711,80.24,13,0,12.35,clear sky
183,Sao Jose Da Coroa Grande,BR,-8.8978,-35.1478,81.03,83,9,10.87,clear sky
184,Yining,CN,29.0361,114.5636,51.33,88,95,1.01,overcast clouds
185,Show Low,US,34.2542,-110.0298,68.29,12,0,25.32,clear sky
186,Podgornoye,RU,51.735,39.1496,44.82,100,100,8.95,overcast clouds
187,Krasnoselkup,RU,65.7,82.4667,20.73,92,100,18.5,overcast clouds
188,Khatanga,RU,71.9667,102.5,17.35,97,97,6.44,overcast clouds
189,Honningsvag,NO,70.9821,25.9704,38.95,87,100,34.52,light intensity drizzle
190,Faro,PT,37.0194,-7.9322,68.97,77,0,8.05,clear sky
191,Aklavik,CA,68.2191,-135.0107,17.6,45,0,9.22,clear sky
192,Vzmorye,RU,54.6961,20.2361,37.49,90,72,6.53,broken clouds
193,Nome,US,64.5011,-165.4064,34.16,69,100,20.71,overcast clouds
194,Kristiinankaupunki,FI,62.2743,21.376,32.18,93,47,5.75,scattered clouds
195,Semirom,IR,31.4167,51.5667,44.74,70,0,4.68,clear sky
196,Saint George,US,37.1041,-113.5841,79.39,14,40,33.38,haze
197,Thongwa,MM,16.7619,96.5278,80.76,72,48,3.83,scattered clouds
198,Marawi,PH,7.9986,124.2928,71.49,87,16,0.67,few clouds
199,Touros,BR,-5.1989,-35.4608,80.44,80,59,7.31,broken clouds
200,Jaisalmer,IN,26.9147,70.9181,81.45,45,57,18.21,broken clouds
201,Kremsmunster,AT,48.0529,14.1292,40.15,75,44,0.31,scattered clouds
202,Meulaboh,ID,4.1363,96.1285,77.32,88,41,3.2,scattered clouds
203,Shugurovo,RU,54.5083,52.1326,34.48,82,80,7.47,broken clouds
204,Inhambane,MZ,-23.865,35.3833,73.11,89,96,8.05,light rain
205,Gusinoye Ozero,RU,51.1144,106.2614,37.9,65,34,4.07,scattered clouds
206,Vulcan,RO,45.3833,23.2667,41.5,90,85,5.3,overcast clouds
207,Samarai,PG,-10.6167,150.6667,82.24,75,100,4.9,overcast clouds
208,Arman,RU,59.7,150.1667,23.02,67,18,5.93,few clouds
209,Mpophomeni,ZA,-29.5682,30.1862,49.57,98,100,1.1,overcast clouds
210,Szczytno,PL,53.5626,20.9875,35.53,80,0,8.05,clear sky
211,Kirando,TZ,-7.4167,30.6,71.29,89,100,4.12,moderate rain
212,Tiksi,RU,71.6872,128.8694,-2.69,94,56,4.92,broken clouds
213,Oranjemund,NA,-28.55,16.4333,57.51,82,0,7.0,clear sky
214,Albacete,ES,38.8333,-2.0,61.18,71,0,3.44,clear sky
215,Chokurdakh,RU,70.6333,147.9167,0.05,95,95,2.73,overcast clouds
216,Weligama,LK,5.9667,80.4167,79.39,84,81,4.12,broken clouds
217,Kavieng,PG,-2.5744,150.7967,83.71,73,39,9.28,scattered clouds
218,Wajid,SO,3.8093,43.2471,78.76,70,100,13.42,overcast clouds
219,Saskylakh,RU,71.9167,114.0833,14.7,93,99,17.4,overcast clouds
220,Yakima,US,46.4665,-120.6678,44.85,79,100,2.95,overcast clouds
221,Paita,PE,-5.0892,-81.1144,70.2,77,20,18.66,few clouds
222,Padang,ID,-0.9492,100.3543,77.05,85,98,4.0,overcast clouds
223,Bethel,US,41.3712,-73.414,59.49,84,100,13.8,overcast clouds
224,Acarau,BR,-2.8856,-40.12,79.02,83,58,6.8,broken clouds
225,Mandvi,IN,22.8333,69.3667,79.02,82,2,13.4,clear sky
226,Ryotsu,JP,38.0833,138.4333,49.5,59,0,6.33,clear sky
227,Longyearbyen,SJ,78.2186,15.6401,22.84,68,75,8.05,broken clouds
228,Uusikaupunki,FI,60.8004,21.4084,32.25,81,82,5.44,broken clouds
229,Berlevag,NO,70.8578,29.0864,37.2,89,100,33.08,overcast clouds
230,Abu Dhabi,AE,24.4667,54.3667,86.02,55,0,3.44,clear sky
231,Lagoa,PT,39.05,-27.9833,58.71,73,19,12.26,few clouds
232,Carutapera,BR,-1.195,-46.02,77.34,92,98,5.3,overcast clouds
233,Leeton,AU,-34.5667,146.4,66.88,55,13,4.61,few clouds
234,Lucapa,AO,-8.4192,20.7447,66.36,94,21,1.36,few clouds
235,Pitea,SE,65.3172,21.4794,28.49,95,44,3.29,scattered clouds
236,Santa Helena De Goias,BR,-17.8136,-50.5969,65.95,52,3,7.81,clear sky
237,Santo Domingo,DO,18.5001,-69.9886,82.08,74,75,6.91,broken clouds
238,Arraial Do Cabo,BR,-22.9661,-42.0278,73.26,73,0,11.5,clear sky
239,Rocha,UY,-34.4833,-54.3333,55.11,90,11,3.62,few clouds
240,Sioux Lookout,CA,50.1001,-91.917,26.67,59,100,9.22,overcast clouds
241,Saint Anthony,US,45.0205,-93.218,42.15,37,46,7.0,scattered clouds
242,Fort Nelson,CA,58.8053,-122.7002,20.79,58,100,8.05,overcast clouds
243,Madera,US,37.1666,-119.8343,63.41,92,82,1.01,broken clouds
244,Benguela,AO,-12.5763,13.4055,76.75,87,100,0.4,light rain
245,Maketu,NZ,-37.7667,176.45,68.61,72,100,15.46,overcast clouds
246,Idritsa,RU,56.3316,28.8988,29.68,91,41,6.2,scattered clouds
247,Lokosovo,RU,61.1333,74.8167,26.98,86,91,8.55,overcast clouds
248,Challans,FR,46.8436,-1.8749,59.2,87,10,8.81,clear sky
249,Tezu,IN,27.9167,96.1667,65.41,93,97,6.17,light rain
250,Cidreira,BR,-30.1811,-50.2056,65.84,72,100,7.49,overcast clouds
251,Maputo,MZ,-25.9653,32.5892,64.18,92,100,17.67,light rain
252,Hovd,MN,48.0056,91.6419,37.89,19,0,3.71,clear sky
253,Lata,PT,40.1629,-8.3327,51.04,92,22,1.54,few clouds
254,Wloclawek,PL,52.6482,19.0678,35.08,82,72,6.53,broken clouds
255,Anadyr,RU,64.75,177.4833,34.3,75,75,13.42,broken clouds
256,Kamyzyak,RU,46.11,48.0736,44.58,93,43,0.0,scattered clouds
257,Jalu,LY,29.0331,21.5482,72.59,30,68,17.05,broken clouds
258,Coquimbo,CL,-29.9533,-71.3436,57.4,88,19,5.95,few clouds
259,Edinburgh,GB,55.9521,-3.1965,53.28,86,75,4.61,broken clouds
260,Kisangani,CD,0.5167,25.2,68.85,97,67,1.86,broken clouds
261,Burgeo,CA,47.6167,-57.6152,40.5,77,82,9.78,broken clouds
262,Tiznit,MA,29.5833,-9.5,75.45,23,44,3.53,scattered clouds
263,Luderitz,NA,-26.6481,15.1594,62.67,61,0,12.28,clear sky
264,Buala,SB,-8.145,159.5921,82.29,75,99,4.88,light rain
265,Katsuura,JP,35.1333,140.3,56.84,60,99,10.02,light rain
266,Xuddur,SO,4.1213,43.8894,78.98,69,96,14.7,overcast clouds
267,Scarborough,GB,54.2797,-0.4044,54.91,85,100,17.0,overcast clouds
268,Morehead,US,37.2711,-87.1764,63.0,51,0,10.36,clear sky
269,Mayo,US,38.8876,-76.5119,71.76,68,0,9.22,clear sky
270,Chiang Klang,TH,19.2938,100.8617,78.75,57,43,1.7,scattered clouds
271,Namibe,AO,-15.1961,12.1522,73.33,75,41,7.29,scattered clouds
272,Kabanjahe,ID,3.1001,98.4908,63.41,96,81,1.1,broken clouds
273,Cleveland,US,41.4995,-81.6954,51.42,51,75,9.22,broken clouds
274,Hofn,IS,64.2539,-15.2082,45.77,99,100,10.16,moderate rain
275,Newport,GB,51.5877,-2.9984,55.51,70,89,3.65,overcast clouds
276,Hualmay,PE,-11.0964,-77.6139,67.84,80,99,12.41,overcast clouds
277,Codrington,AU,-38.2667,141.9667,71.28,38,100,22.1,overcast clouds
278,Mawlaik,MM,23.6333,94.4167,73.67,59,25,1.68,scattered clouds
279,Zunyi,CN,27.6867,106.9072,45.39,92,100,2.44,overcast clouds
280,Gainesville,US,29.6516,-82.3248,84.09,61,0,0.0,clear sky
281,Laranjeiras Do Sul,BR,-25.4078,-52.4161,51.55,84,0,0.72,light rain
282,Mahibadhoo,MV,3.7833,72.9667,83.86,74,53,8.19,broken clouds
283,Saint-Philippe,RE,-21.3585,55.7679,74.79,78,53,10.04,broken clouds
284,Athens,GR,37.9795,23.7162,65.23,47,20,11.01,few clouds
285,Nikolskoye,RU,59.7035,30.7861,34.81,82,68,2.84,broken clouds
286,Yorosso,ML,12.3536,-4.7761,76.87,56,93,7.63,overcast clouds
287,Mount Gambier,AU,-37.8333,140.7667,70.21,37,100,14.99,overcast clouds
288,Birjand,IR,32.8663,59.2211,64.09,36,58,9.46,broken clouds
289,Jimenez,MX,28.3333,-105.4,88.84,6,100,4.03,overcast clouds
290,Balkanabat,TM,39.5108,54.3671,56.17,72,100,7.38,light rain
291,Zhigansk,RU,66.7697,123.3711,3.43,99,89,10.31,overcast clouds
292,Carnarvon,AU,-24.8667,113.6333,76.15,59,71,16.98,broken clouds
293,Cabinda,AO,-5.55,12.2,78.46,89,79,3.56,broken clouds
294,Antofagasta,CL,-23.65,-70.4,60.44,87,19,5.84,few clouds
295,Yanam,IN,16.7333,82.2167,78.42,96,17,2.77,few clouds
296,Flinders,AU,-34.5833,150.8552,71.06,87,2,8.01,clear sky
297,Saint-Joseph,RE,-21.3667,55.6167,73.78,77,27,11.45,scattered clouds
298,Uaua,BR,-9.8414,-39.4817,78.89,62,82,7.25,broken clouds
299,Nchelenge,ZM,-9.3451,28.734,68.99,89,100,3.87,light rain
300,Noumea,NC,-22.2763,166.4572,82.38,99,0,9.28,clear sky
301,Bud,US,39.447,-86.1758,57.22,38,2,14.25,clear sky
302,Bubaque,GW,11.2833,-15.8333,75.45,73,5,25.05,clear sky
303,Talnakh,RU,69.4865,88.3972,16.43,94,100,11.03,overcast clouds
304,Oconomowoc,US,43.1117,-88.4993,41.85,49,75,14.97,broken clouds
305,San Pedro De Macoris,DO,18.4616,-69.2972,78.78,70,58,14.61,broken clouds
306,Sao Filipe,CV,14.8961,-24.4956,70.56,80,36,9.95,scattered clouds
307,Agirish,RU,61.9247,63.0231,25.18,98,100,1.23,overcast clouds
308,Asmara,ER,15.3333,38.9333,61.0,61,85,3.29,overcast clouds
309,Kanniyakumari,IN,8.0833,77.5667,82.6,79,30,12.68,scattered clouds
310,Cao Bang,VN,22.6667,106.25,60.46,97,100,1.95,overcast clouds
311,Korla,CN,41.7597,86.1469,47.89,15,0,2.75,clear sky
312,Ancud,CL,-41.8697,-73.8203,57.22,86,28,2.53,scattered clouds
313,Bowen,AU,-20.0167,148.2333,76.77,62,36,12.84,scattered clouds
314,Haines Junction,CA,60.7522,-137.5108,34.07,62,100,0.51,overcast clouds
315,Olafsvik,IS,64.8945,-23.7142,43.92,97,100,12.39,light rain
316,San Cristobal,VE,7.7669,-72.225,70.59,84,100,4.63,overcast clouds
317,Port-Cartier,CA,50.0334,-66.8654,35.53,82,40,8.43,scattered clouds
318,Orlik,RU,52.5178,99.825,23.14,84,93,2.66,overcast clouds
319,Rawson,AR,-43.3002,-65.1023,55.85,65,0,10.18,clear sky
320,Krasnogorskoye,RU,52.2953,86.1979,44.46,74,4,4.52,clear sky
321,Quatre Cocos,MU,-20.2078,57.7625,76.08,84,46,14.83,light rain
322,Okha,RU,53.5739,142.9478,29.79,80,100,11.27,overcast clouds
323,Ahipara,NZ,-35.1667,173.1667,68.2,70,100,14.54,overcast clouds
324,Santa Cruz,BO,-17.8,-63.1667,65.95,54,13,5.32,few clouds
325,Faridpur,BD,23.6,89.8333,78.04,92,34,12.24,scattered clouds
326,Komsomolskiy,UZ,40.4272,71.7189,66.96,25,33,4.12,scattered clouds
327,Broken Hill,AU,-31.95,141.4333,73.04,32,0,20.18,clear sky
328,Vostok,RU,46.4856,135.8833,35.38,63,2,12.86,clear sky
329,Ruwi,OM,23.5996,58.5507,89.2,29,14,6.04,few clouds
330,Oussouye,SN,12.485,-16.5469,71.29,70,17,12.66,few clouds
331,Atasu,KZ,48.6814,71.6433,55.13,22,100,6.76,overcast clouds
332,Saint-Georges,GD,12.0564,-61.7485,82.08,74,20,23.02,few clouds
333,Mitu,CO,1.1983,-70.1733,73.38,97,95,1.81,overcast clouds
334,Ostrovnoy,RU,68.0531,39.5131,31.6,83,100,19.57,overcast clouds
335,Nioki,CD,-2.7167,17.6833,73.94,79,75,2.33,broken clouds
336,Urumqi,CN,43.801,87.6005,43.75,21,0,4.47,clear sky
337,Migori,KE,-1.0634,34.4731,64.54,90,100,1.79,light rain
338,Itamaraju,BR,-17.0392,-39.5311,70.86,93,100,3.8,light rain
339,Langsa,ID,4.4683,97.9683,74.21,97,100,2.59,overcast clouds
340,Bogandinskiy,RU,56.8937,65.8938,35.87,80,49,8.43,scattered clouds
341,Derzhavinsk,KZ,51.1,66.3167,47.95,70,100,7.9,overcast clouds
342,Brokopondo,SR,4.75,-55.1667,77.5,84,84,9.26,broken clouds
343,Morro Bay,US,35.3658,-120.8499,67.24,80,52,3.0,broken clouds
344,Kavaratti,IN,10.5669,72.642,83.53,73,18,4.68,few clouds
345,Waitara,NZ,-38.925,174.25,69.22,57,41,9.17,scattered clouds
346,Abha,SA,18.2164,42.5053,61.68,44,5,7.72,clear sky
347,Gat,IL,31.61,34.7642,68.4,15,32,1.9,scattered clouds
348,Paamiut,GL,61.994,-49.6678,24.1,83,8,11.25,clear sky
349,The Valley,AI,18.217,-63.0578,79.11,76,35,23.76,scattered clouds
350,Faya,SA,18.3851,42.4509,61.88,45,5,5.12,clear sky
351,Ambalavao,MG,-21.8333,46.9333,64.0,97,69,3.69,broken clouds
352,Mana,GF,5.6592,-53.7767,77.77,85,99,10.2,overcast clouds
353,Honiara,SB,-9.4333,159.95,82.67,76,99,3.8,overcast clouds
354,Maragogi,BR,-9.0122,-35.2225,80.91,84,9,10.65,clear sky
355,Jashpurnagar,IN,22.9,84.15,74.35,18,45,1.43,scattered clouds
356,Alofi,NU,-19.0595,-169.9187,81.54,75,25,10.58,light rain
357,Hegang,CN,47.4,130.3667,39.16,43,0,9.84,clear sky
358,Novaya Bryan,RU,51.7159,108.2691,36.1,75,26,3.89,scattered clouds
359,Alpena,US,45.0617,-83.4327,32.25,69,100,7.0,overcast clouds
360,Adre,TD,13.4667,22.2,84.81,33,62,6.73,broken clouds
361,Byron Bay,AU,-28.65,153.6167,64.71,83,74,7.49,broken clouds
362,Camargo,MX,27.6667,-105.1667,89.26,7,100,5.55,overcast clouds
363,Aripuana,BR,-9.1667,-60.6333,74.7,98,95,1.21,overcast clouds
364,Srem,PL,52.0887,17.0151,39.85,72,57,5.5,broken clouds
365,Lyuban,BY,52.7985,28.0048,35.73,80,97,14.7,overcast clouds
366,Karpathos,GR,35.507,27.2132,64.36,68,100,13.8,light rain
367,Ambon,ID,-3.6954,128.1814,77.14,94,20,3.44,few clouds
368,Isla Mujeres,MX,21.2311,-86.731,82.45,71,1,10.2,clear sky
369,Borger,NL,52.9233,6.7931,45.82,65,12,7.78,few clouds
370,Ada,US,43.4166,-116.1262,52.68,47,75,26.46,broken clouds
371,Union,US,40.6334,-74.2663,60.69,60,91,8.99,overcast clouds
372,Harrismith,ZA,-28.2728,29.1295,46.09,97,100,4.14,moderate rain
373,Ambilobe,MG,-13.2,49.05,70.79,90,6,3.51,clear sky
374,Glendive,US,47.1053,-104.7125,35.49,58,75,14.97,broken clouds
375,Mercedes,AR,-34.6515,-59.4307,64.63,61,50,7.0,scattered clouds
376,Erzurum,TR,40.0,41.5,31.68,82,44,2.86,scattered clouds
377,Moron,AR,-34.6534,-58.6198,65.97,72,70,5.93,broken clouds
378,Si Sa Ket,TH,14.8333,104.3333,82.99,80,97,4.54,overcast clouds
379,Camana,PE,-16.6228,-72.7111,67.96,79,100,8.77,overcast clouds
380,Russell,US,32.3502,-85.1999,69.91,85,100,2.37,overcast clouds
381,Tamandare,BR,-8.7597,-35.1047,80.98,83,7,9.89,clear sky
382,Banda Aceh,ID,5.5577,95.3222,79.57,83,65,3.27,broken clouds
383,Deming,US,32.2687,-107.7586,84.09,4,0,23.02,clear sky
384,Albertville,US,34.2676,-86.2089,67.48,83,75,0.0,broken clouds
385,Hami,CN,42.8,93.45,49.8,26,0,7.27,clear sky
386,Ugoofaaru,MV,5.6667,73.0,83.61,74,100,6.29,overcast clouds
387,Pushkino,RU,56.0172,37.8667,34.09,79,100,12.01,overcast clouds
388,Caninde,BR,-4.3589,-39.3117,74.16,95,100,2.42,overcast clouds
389,Margate,GB,51.3813,1.3862,52.3,82,10,1.99,clear sky
390,Warrnambool,AU,-38.3833,142.4833,69.82,46,90,18.5,overcast clouds
391,Dicabisagan,PH,17.0818,122.4157,76.62,86,49,5.95,scattered clouds
392,Morant Bay,JM,17.8815,-76.4093,76.71,77,21,8.48,few clouds
393,Progreso,MX,21.2833,-89.6667,90.1,77,2,18.45,clear sky
394,Ebebiyin,GQ,2.1511,11.3353,69.37,99,75,2.86,broken clouds
395,Todos Santos,MX,23.45,-110.2167,70.45,70,98,7.85,overcast clouds
396,Brookings,US,44.3114,-96.7984,39.54,46,4,8.5,clear sky
397,Pinotepa Nacional,MX,16.3167,-98.0167,87.91,42,11,9.01,few clouds
398,Debar,MK,41.525,20.5275,50.94,87,100,6.17,overcast clouds
399,Fort Smith,US,35.3859,-94.3986,64.72,68,100,14.97,overcast clouds
400,Sola,VU,-13.8833,167.55,81.95,71,83,3.33,broken clouds
401,San Vicente,AR,-26.6167,-54.1333,55.02,85,1,3.02,clear sky
402,Port Augusta,AU,-32.5,137.7667,75.6,32,29,10.09,scattered clouds
403,George Town,MY,5.4112,100.3354,80.53,89,20,0.0,few clouds
404,Xudat,AZ,41.631,48.681,48.78,74,56,3.71,broken clouds
405,Marsh Harbour,BS,26.5412,-77.0636,76.93,71,0,8.5,clear sky
406,Chapais,CA,49.7834,-74.8492,33.58,77,100,8.61,overcast clouds
407,Tambopata,PE,-12.7333,-69.1833,75.58,73,31,3.02,scattered clouds
408,Beringovskiy,RU,63.05,179.3167,31.44,98,100,19.42,snow
409,Nicoya,CR,10.1483,-85.452,88.61,51,100,5.95,overcast clouds
410,Teahupoo,PF,-17.8333,-149.2667,82.36,75,16,11.14,light rain
411,Hobyo,SO,5.3505,48.5268,82.42,76,27,14.36,scattered clouds
412,Aksarka,RU,66.5606,67.7975,3.33,98,97,1.54,overcast clouds
413,Gazli,UZ,40.1333,63.45,65.71,56,86,20.29,overcast clouds
414,Chabahar,IR,25.2919,60.643,81.99,68,12,9.95,few clouds
415,Oksfjord,NO,70.2396,22.3479,45.0,98,100,21.65,overcast clouds
416,Sibiti,CG,-3.6819,13.3499,69.76,97,66,0.22,broken clouds
417,Riyadh,SA,24.6877,46.7219,71.74,34,9,8.7,clear sky
418,Hamilton,US,39.1834,-84.5333,60.01,40,32,8.01,scattered clouds
419,Cherskiy,RU,68.75,161.3,19.92,91,100,10.13,overcast clouds
420,Alice Springs,AU,-23.7,133.8833,78.35,27,38,5.75,scattered clouds
421,Deogarh,IN,21.5333,84.7333,78.08,46,33,1.52,scattered clouds
422,Maridi,SS,4.9158,29.4742,69.66,80,100,3.22,overcast clouds
423,Ukiah,US,39.1502,-123.2078,64.44,58,60,4.0,broken clouds
424,Baykit,RU,61.67,96.37,37.38,98,100,4.18,overcast clouds
425,Kautokeino,NO,69.0125,23.0412,32.97,88,100,6.91,overcast clouds
426,Atocha,BO,-20.9333,-66.2333,49.21,12,0,12.48,clear sky
427,Kozhva,RU,65.1073,57.0459,5.45,98,48,2.89,scattered clouds
428,Mwene-Ditu,CD,-7.0,23.45,66.99,94,73,1.54,broken clouds
429,Dicamay,PH,16.7561,122.0037,73.54,94,76,0.4,broken clouds
430,Manokwari,ID,-0.8667,134.0833,81.5,71,98,0.69,overcast clouds
431,Solnechnyy,RU,50.7214,136.6319,27.77,91,100,7.85,snow
432,Henties Bay,NA,-22.116,14.2845,60.44,80,11,2.84,few clouds
433,Muroto,JP,33.2833,134.15,57.87,49,86,5.26,overcast clouds
434,Miandoab,IR,36.9694,46.1027,43.52,69,13,2.48,few clouds
435,Arica,CL,-18.475,-70.3042,67.55,72,0,8.05,clear sky
436,Cockburn Town,TC,21.4612,-71.1419,77.47,83,98,23.47,overcast clouds
437,Khandyga,RU,62.6667,135.6,16.47,87,96,0.69,overcast clouds
438,Impfondo,CG,1.6381,18.0667,73.2,84,30,3.2,scattered clouds
439,Dattapur,IN,20.7667,78.1667,86.49,18,0,1.92,clear sky
440,Oranjestad,AW,12.524,-70.027,78.75,87,2,27.54,clear sky
441,Ushtobe,KZ,45.2514,77.9838,54.59,27,0,4.32,clear sky
442,Nioro,GM,13.35,-15.75,82.26,29,14,10.8,few clouds
443,Chanute,US,37.6792,-95.4572,59.22,29,100,14.97,overcast clouds
444,Asekeyevo,RU,53.5742,52.7972,36.5,80,85,6.2,overcast clouds
445,Zuwarah,LY,32.9312,12.082,62.02,68,90,17.45,overcast clouds
446,Daru,PG,-9.0763,143.2092,83.41,76,78,7.47,broken clouds
447,Sainte-Anne-Des-Monts,CA,49.124,-66.4924,36.68,76,19,10.0,few clouds
448,Pimentel,PE,-6.8367,-79.9342,68.29,73,0,24.16,clear sky
449,Liwale,TZ,-9.7667,37.9333,67.98,98,14,3.58,few clouds
450,Victoria,HK,22.2855,114.1577,71.19,77,100,11.99,light rain
451,Glinka,RU,54.6404,32.8781,30.04,85,89,12.46,overcast clouds
452,Port Hedland,AU,-20.3167,118.5667,77.05,61,12,4.61,few clouds
453,Yerbogachen,RU,61.2767,108.0108,36.05,98,100,9.6,overcast clouds
454,Adiake,CI,5.2863,-3.304,74.3,90,100,5.14,overcast clouds
455,Valley City,US,46.9233,-98.0032,27.12,54,0,9.22,clear sky
456,Parabel,RU,58.6978,81.4825,46.35,89,100,9.35,overcast clouds
457,Egvekinot,RU,66.3167,-179.1667,20.12,91,100,9.89,light snow
458,Viljoenskroon,ZA,-27.2084,26.9485,55.47,91,98,10.02,overcast clouds
459,Maldonado,UY,-34.6667,-54.9167,63.23,89,1,6.55,clear sky
460,Tuatapere,NZ,-46.1333,167.6833,51.87,63,76,4.07,broken clouds
461,Leningradskiy,RU,69.3833,178.4167,10.35,90,64,8.95,broken clouds
462,Ginir,ET,7.1333,40.7,58.37,83,97,6.93,overcast clouds
463,Washington,US,47.5001,-120.5015,47.48,41,100,4.43,overcast clouds
464,Erzin,TR,36.9559,36.2,58.68,57,13,4.18,few clouds
465,Port Moresby,PG,-9.4431,147.1797,81.61,74,99,2.91,overcast clouds
466,Wilmington,US,34.2257,-77.9447,72.0,75,100,3.0,overcast clouds
467,Kaeo,NZ,-35.1,173.7833,65.32,91,100,16.4,overcast clouds
468,Hellvik,NO,59.9156,5.781,43.77,76,100,5.35,overcast clouds
469,Havre-Saint-Pierre,CA,50.2334,-63.5986,35.56,76,34,16.51,scattered clouds
470,Cap Malheureux,MU,-19.9842,57.6142,76.46,86,16,5.99,few clouds
471,Ayan,RU,56.45,138.1667,24.58,77,92,10.94,overcast clouds
472,Diapaga,BF,12.0708,1.7889,87.64,37,94,10.07,overcast clouds
473,Porto Walter,BR,-8.2686,-72.7439,75.74,85,54,2.89,broken clouds
474,Mapiri,BO,-15.25,-68.1667,70.18,84,94,0.96,overcast clouds
475,Shirochanka,RU,46.6497,38.3978,49.15,76,100,5.26,overcast clouds
476,Sinegorye,RU,62.0788,150.477,12.94,91,98,4.12,overcast clouds
477,Muzhi,RU,65.3667,64.6667,14.45,84,97,8.28,overcast clouds
478,Ponta Do Sol,PT,32.6667,-17.1,72.23,39,100,7.0,overcast clouds
479,Norilsk,RU,69.3535,88.2027,15.24,97,100,8.61,overcast clouds
480,Uddevalla,SE,58.3478,11.9424,42.22,87,42,4.99,scattered clouds
481,Coruripe,BR,-10.1256,-36.1756,81.12,83,9,13.78,clear sky
482,Beyla,GN,8.6833,-8.6333,70.81,91,99,4.59,moderate rain
483,Moche,PE,-8.1711,-79.0092,64.58,88,100,9.22,fog
484,Mehamn,NO,71.0357,27.8492,37.56,92,100,32.44,overcast clouds
485,Kulhudhuffushi,MV,6.6221,73.07,83.68,73,86,7.27,overcast clouds
486,Tocopilla,CL,-22.092,-70.1979,64.22,75,18,9.66,few clouds
487,Zhanaozen,KZ,43.3,52.8,57.72,43,96,11.88,overcast clouds
488,Diffa,NE,13.3154,12.6113,89.96,26,49,3.87,scattered clouds
489,Danilov,RU,58.1908,40.1717,26.94,81,4,7.11,clear sky
490,Jiuquan,CN,39.7432,98.5174,40.42,26,0,14.14,clear sky
491,Hyeres,FR,43.1167,6.1167,65.48,54,15,10.38,few clouds
492,Mangrol,IN,21.1167,70.1167,79.43,71,0,8.68,clear sky
493,Oistins,BB,13.0667,-59.5333,78.89,69,40,16.11,scattered clouds
494,Zhangjiakou,CN,40.81,114.8794,51.15,18,100,2.21,overcast clouds
495,Vagur,FO,61.4732,-6.8119,46.9,90,100,23.8,overcast clouds
496,Micomeseng,GQ,2.1462,10.6164,70.45,99,100,1.16,light rain
497,Maniitsoq,GL,65.4167,-52.9,21.83,68,22,9.31,few clouds
498,Pio Xii,BR,-3.8325,-45.1525,75.63,96,93,3.8,heavy intensity rain
499,Naranjal,EC,-2.6667,-79.6167,78.04,91,95,2.51,light rain
500,Tougue,GN,11.4667,-11.6,80.44,22,33,3.44,scattered clouds
501,Itoman,JP,26.1247,127.6694,68.02,62,75,8.05,broken clouds
502,Una,IN,20.8167,71.0333,77.18,70,0,9.22,clear sky
503,Amuntai,ID,-2.4177,115.2494,72.9,97,100,1.97,overcast clouds
504,Yangambi,CD,0.8102,24.4336,68.41,98,73,1.88,broken clouds
505,Port Hardy,CA,50.6996,-127.4199,45.93,54,2,11.59,clear sky
506,Kafr Abil,JO,32.4175,35.6694,59.54,27,31,3.2,scattered clouds
507,Irbit,RU,57.6705,63.071,29.28,86,35,10.38,scattered clouds
508,Tucuman,AR,-26.8241,-65.2226,68.0,73,75,2.3,broken clouds
509,Ha Tinh,VN,18.3333,105.9,74.98,94,94,7.47,overcast clouds
510,Port-Gentil,GA,-0.7193,8.7815,80.56,89,20,2.3,few clouds
511,Nanjing,CN,32.0617,118.7778,50.04,59,43,3.06,scattered clouds
512,Sulangan,PH,11.1373,123.7228,81.16,78,74,9.31,broken clouds
513,Serebryansk,KZ,49.6925,83.2892,31.73,90,7,5.26,clear sky
514,Pocone,BR,-16.2567,-56.6228,80.47,61,46,1.3,scattered clouds
515,Saint-Leu,RE,-21.15,55.2833,76.03,76,39,4.5,scattered clouds
516,Mestia,GE,43.0458,42.7278,32.94,92,57,3.53,broken clouds
517,Alyangula,AU,-13.8483,136.4192,81.46,77,98,12.19,overcast clouds
518,Angoram,PG,-4.0625,144.0661,81.61,81,100,2.17,overcast clouds
519,Seoul,KR,37.5683,126.9778,47.64,55,0,3.33,clear sky
520,Luganville,VU,-15.5333,167.1667,84.15,71,47,2.98,scattered clouds
521,Saint-Francois,FR,46.4154,3.9054,51.24,66,0,9.22,clear sky
522,Palora,EC,-1.7,-77.9333,77.11,95,100,0.81,light rain
523,Poum,NC,-20.2333,164.0167,78.33,66,4,6.53,clear sky
524,Maracacume,BR,-2.0428,-45.9592,74.71,98,100,2.98,light rain
525,Mayumba,GA,-3.432,10.6554,77.58,91,46,2.86,scattered clouds
526,Barreiras,BR,-12.1528,-44.99,73.04,94,100,2.59,overcast clouds
527,Linqiong,CN,30.4159,103.4609,50.52,93,100,2.8,overcast clouds
528,Turinsk,RU,58.0458,63.696,28.42,88,80,10.45,broken clouds
529,Manacapuru,BR,-3.2997,-60.6206,77.58,88,75,1.1,moderate rain
530,Nemuro,JP,43.3236,145.575,36.97,62,4,8.88,clear sky
531,Muli,MV,2.9167,73.5667,82.99,77,84,9.28,broken clouds
532,Chumikan,RU,54.7183,135.315,26.35,81,100,2.39,light snow
533,Matara,LK,5.9485,80.5353,79.21,85,78,4.12,broken clouds
534,Price,US,39.5994,-110.8107,61.12,33,100,17.27,overcast clouds
535,Salalah,OM,17.0151,54.0924,80.69,89,20,1.14,few clouds
536,Namatanai,PG,-3.6667,152.4333,83.25,72,98,4.92,overcast clouds
537,Sambava,MG,-14.2667,50.1667,73.98,88,4,9.51,clear sky
538,Ilorin,NG,8.5,4.55,83.1,61,62,4.76,broken clouds
539,Copala,MX,16.65,-98.9833,86.09,51,23,10.49,few clouds
540,Lompoc,US,34.6391,-120.4579,72.01,73,100,13.0,overcast clouds
541,San Pedro,PH,14.35,121.0167,81.63,74,75,4.61,broken clouds
542,Kayerkan,RU,69.3497,87.7602,13.62,98,100,9.84,overcast clouds
543,Husavik,IS,66.0449,-17.3389,42.51,85,100,12.68,overcast clouds
544,Trinidad,BO,-14.8333,-64.9,76.98,73,20,3.44,few clouds
545,Tapes,BR,-30.6733,-51.3958,63.55,70,64,8.01,broken clouds
546,Barra Do Garcas,BR,-15.89,-52.2567,75.24,68,39,3.27,scattered clouds
547,Oum Hadjer,TD,13.2954,19.6966,90.77,28,51,9.53,broken clouds
548,Morococha,PE,-11.5997,-76.1411,42.08,72,79,2.55,broken clouds
549,Swan River,CA,52.1058,-101.2676,26.13,84,100,4.83,overcast clouds
550,Warrenton,ZA,-28.114,24.8475,58.44,88,100,12.59,light rain
551,Tumbagaan,PH,5.3656,120.3139,80.91,79,59,5.82,broken clouds
552,Boshnyakovo,RU,49.6333,142.1667,33.33,72,100,8.19,heavy snow
553,Ust-Tsilma,RU,65.441,52.1498,25.47,96,96,5.79,light snow
554,Necochea,AR,-38.5473,-58.7368,59.25,71,89,4.81,overcast clouds
555,Mecca,SA,21.4267,39.8261,80.53,37,0,1.97,clear sky
556,Dunedin,NZ,-45.8742,170.5036,55.8,62,80,8.99,broken clouds
557,Hildburghausen,DE,50.4255,10.7318,38.57,77,17,4.32,few clouds
558,Timra,SE,62.487,17.3257,37.08,93,100,1.14,mist
559,Mongo,TD,12.1844,18.693,89.2,34,85,4.09,overcast clouds
560,Naze,JP,28.3667,129.4833,63.28,62,86,7.85,overcast clouds
561,Motupe,PE,-6.1519,-79.7142,72.43,62,39,9.98,scattered clouds
562,Fortuna,US,40.5982,-124.1573,56.93,57,0,12.66,clear sky
563,Lieksa,FI,63.3167,30.0167,27.79,90,94,3.67,overcast clouds
564,Alta Floresta,BR,-9.8756,-56.0861,73.45,96,84,1.32,heavy intensity rain
565,Nuuk,GL,64.1835,-51.7216,27.21,68,13,12.66,few clouds
566,Buin,CL,-33.7333,-70.75,71.87,37,0,2.21,clear sky
567,Plettenberg Bay,ZA,-34.0527,23.3716,58.93,79,66,7.78,broken clouds
568,Waipawa,NZ,-41.4122,175.5153,55.96,60,67,7.65,broken clouds
569,Salinopolis,BR,-0.6136,-47.3561,78.55,87,100,8.66,moderate rain
570,Odessa,UA,46.4775,30.7326,47.61,78,99,16.04,overcast clouds
571,Ruzomberok,SK,49.0748,19.3075,31.19,91,30,4.32,scattered clouds
572,Raga,SS,8.4596,25.678,80.44,55,95,4.92,overcast clouds
573,Turukhansk,RU,65.8167,87.9833,35.26,99,100,21.54,light snow
574,Lancaster,US,40.2504,-76.2499,58.5,78,100,13.8,overcast clouds
575,Leua,SK,48.2156,18.6071,43.5,66,61,4.07,broken clouds
576,Ajdabiya,LY,30.7554,20.2263,63.61,84,95,20.51,overcast clouds
577,Pemberton,CA,50.3164,-122.8027,46.6,48,99,2.71,overcast clouds
578,Minab,IR,27.1467,57.0801,81.52,58,89,6.58,overcast clouds
579,Bamnet Narong,TH,15.4992,101.6897,79.48,70,98,0.96,overcast clouds
580,Sobolevo,RU,54.4299,31.8996,31.14,83,90,12.82,overcast clouds
581,Neopolis,BR,-10.32,-36.5794,79.95,83,6,9.66,clear sky
582,Kruisfontein,ZA,-34.0033,24.7314,59.88,87,97,3.53,light rain
583,Neftekamsk,RU,56.092,54.2703,29.48,88,71,4.16,broken clouds
584,Zhigalovo,RU,54.8097,105.1578,34.32,94,99,3.53,overcast clouds
585,Nabisar,PK,25.0685,69.6419,79.74,70,6,14.38,clear sky
586,Acapulco,MX,16.8634,-99.8901,84.02,61,0,9.22,clear sky
587,Ucluelet,CA,48.9329,-125.5528,46.44,54,100,6.96,overcast clouds
588,Cururupu,BR,-1.8283,-44.8683,75.36,96,86,2.64,overcast clouds
589,Balakhninskiy,RU,58.0106,114.2769,25.3,95,100,2.26,light snow
590,Puerto Del Rosario,ES,28.5004,-13.8627,69.55,68,0,9.22,clear sky
591,Rincon,US,32.296,-81.2354,76.96,64,75,6.91,broken clouds
592,Winchester,GB,51.0651,-1.3187,53.29,76,95,1.01,overcast clouds
593,Shenjiamen,CN,29.9576,122.298,55.49,63,63,8.05,broken clouds
594,Virginia Beach,US,36.8529,-75.978,72.05,67,99,9.91,overcast clouds
595,Cherdyn,RU,60.403,56.4787,10.62,98,26,3.27,scattered clouds
596,Kibaya,TZ,-5.3,36.5667,58.15,99,99,2.77,overcast clouds
597,Peniche,PT,39.3558,-9.3811,56.28,91,89,13.22,overcast clouds
598,Nador,MA,35.174,-2.9287,62.85,63,0,3.44,clear sky
599,Peace River,CA,56.2501,-117.286,36.46,61,100,6.44,light rain
600,Naliya,IN,23.2667,68.8333,77.99,81,3,10.38,clear sky
601,Yonago,JP,35.4333,133.3333,53.28,34,60,2.35,broken clouds
602,Zhezkazgan,KZ,47.8043,67.7144,53.26,62,68,18.41,broken clouds
603,Brandfort,ZA,-28.7001,26.4597,52.12,91,100,8.25,moderate rain
604,Los Llanos De Aridane,ES,28.6585,-17.9182,62.35,77,0,11.5,clear sky
605,Evanston,US,42.0411,-87.6901,48.65,41,75,14.97,broken clouds
606,Llangefni,GB,53.2556,-4.3106,54.66,87,95,3.44,overcast clouds
607,Kenmare,IE,51.8833,-9.5833,52.07,99,100,5.1,moderate rain
608,Muros,ES,42.7762,-9.0603,54.68,90,98,5.77,overcast clouds
609,Makakilo City,US,21.3469,-158.0858,77.32,73,100,16.11,light rain
610,Shalinskoye,RU,55.7228,93.7594,42.76,66,97,9.24,overcast clouds
611,Boditi,ET,6.9667,37.8667,59.52,81,100,1.05,overcast clouds
612,Juan Lacaze,UY,-34.4342,-57.4381,61.12,78,58,14.23,broken clouds
613,Oktyabrskiy,RU,54.4815,53.471,33.17,85,70,4.38,broken clouds
614,Kerema,PG,-7.9631,145.7785,82.44,75,100,2.15,overcast clouds
615,Aden,YE,12.7794,45.0367,81.88,77,12,9.6,few clouds
616,Bela,IN,25.9333,81.9833,82.38,14,1,3.53,clear sky
617,Salvador,SV,13.8333,-88.9167,82.44,55,73,7.0,broken clouds
618,Mithi,PK,24.7318,69.7981,76.21,85,2,11.81,clear sky
619,Krasnorechenskiy,RU,44.6265,135.3532,39.74,46,45,10.56,scattered clouds
620,Svetlogorsk,BY,52.6333,29.7333,35.01,96,100,14.83,overcast clouds
621,Tabou,CI,4.423,-7.3528,78.03,86,97,4.56,moderate rain
622,Goundam,ML,16.4145,-3.6708,82.04,11,92,9.33,overcast clouds
623,Kurilsk,RU,45.2333,147.8833,32.52,77,34,5.97,scattered clouds
624,Lasa,IT,46.6166,10.7002,42.37,82,36,6.64,scattered clouds
625,Jardim,BR,-21.4803,-56.1381,69.24,63,14,4.99,few clouds
626,Amahai,ID,-3.3333,128.9167,80.78,77,96,2.59,overcast clouds
627,Srednekolymsk,RU,67.45,153.6833,13.69,91,99,5.57,overcast clouds
628,Aguimes,ES,27.9054,-15.4461,66.83,64,0,17.27,clear sky
629,Kerchevskiy,RU,59.946,56.2884,12.85,98,55,3.0,broken clouds
630,Arboletes,CO,8.8505,-76.4269,81.43,83,71,12.41,broken clouds
631,Sokolo,ML,14.7328,-6.1219,87.51,20,48,4.92,scattered clouds
632,Rochester,US,43.1548,-77.6156,41.63,82,100,10.36,light rain
633,Jiayuguan,CN,39.8167,98.3,37.87,26,0,13.62,clear sky
634,Sitka,US,57.0531,-135.33,44.49,53,40,8.05,scattered clouds
635,Jishu,CN,44.3167,126.8,46.2,25,98,2.8,overcast clouds
636,Sinnamary,GF,5.3833,-52.95,78.26,84,96,11.14,overcast clouds
637,Juba,SS,4.8517,31.5825,73.2,76,100,1.74,overcast clouds
638,Vardo,NO,70.3705,31.1107,38.86,83,100,28.27,overcast clouds
639,Guerrero Negro,MX,27.9769,-114.0611,66.13,66,93,22.46,overcast clouds
640,Urengoy,RU,65.9667,78.3667,14.43,92,100,15.32,overcast clouds
641,Praia Da Vitoria,PT,38.7333,-27.0667,58.75,83,8,9.42,clear sky
642,Pitimbu,BR,-7.4706,-34.8086,82.99,81,11,9.98,few clouds
643,Peterhead,GB,57.5058,-1.7981,48.45,95,90,16.84,overcast clouds
644,Vaniyambadi,IN,12.6833,78.6167,80.11,71,57,1.9,broken clouds
645,Viedma,AR,-40.8135,-62.9967,57.61,75,8,12.01,clear sky
646,Gladstone,AU,-23.85,151.25,75.78,56,0,5.75,clear sky
647,Chirongui,YT,-12.9319,45.1483,80.53,67,2,3.24,clear sky
648,Dmitriyevka,RU,54.75,55.3333,33.35,81,32,3.8,scattered clouds
649,Ust-Uda,RU,54.1742,103.0304,35.2,94,94,1.5,overcast clouds
650,Aykhal,RU,66.0,111.5,27.54,96,100,10.54,light snow
651,Port Hueneme,US,34.1478,-119.1951,71.46,76,20,17.27,few clouds
652,Catuday,PH,16.2923,119.8062,79.11,73,21,5.53,light rain
653,Iqaluit,CA,63.7506,-68.5145,9.7,78,100,1.61,overcast clouds
654,Doha,QA,25.2867,51.5333,80.58,44,0,11.5,clear sky
655,Sibu,MY,2.3,111.8167,74.41,98,98,1.59,overcast clouds
656,Lukovetskiy,RU,64.2956,41.9211,30.15,97,99,6.53,light snow
657,Winslow,US,35.0242,-110.6974,77.18,7,0,25.32,clear sky
658,Thinadhoo,MV,0.5333,72.9333,83.08,70,19,8.72,few clouds
659,Connersville,US,39.6412,-85.1411,57.4,38,2,11.99,clear sky
660,Floro,NO,61.5996,5.0328,45.97,70,100,9.22,overcast clouds
661,Lhokseumawe,ID,5.1801,97.1507,79.34,82,94,3.18,overcast clouds
662,Paramonga,PE,-10.6667,-77.8333,67.3,83,93,11.21,overcast clouds
663,Iskateley,RU,67.6803,53.1512,13.68,97,97,5.95,overcast clouds
664,Bandarbeyla,SO,9.4942,50.8122,80.85,80,45,6.73,scattered clouds
665,Sabzevar,IR,36.2126,57.6819,58.95,60,100,14.63,overcast clouds
666,Maun,BW,-19.9833,23.4167,67.68,85,63,9.37,light rain
667,Olga,RU,43.7444,135.2892,46.99,50,100,5.61,overcast clouds
668,Algiers,DZ,36.7525,3.042,51.62,94,20,2.3,few clouds
669,Kralendijk,BQ,12.15,-68.2667,79.03,87,9,26.06,clear sky
670,Sao Joao Da Barra,BR,-21.6403,-41.0511,71.53,69,67,13.13,broken clouds
671,Ikom,NG,5.9667,8.7063,77.92,89,53,1.66,broken clouds
672,Lucea,JM,18.451,-78.1736,77.86,74,9,4.07,light rain
673,Phangnga,TH,8.4509,98.5298,77.04,89,72,2.46,broken clouds
674,Gazanjyk,TM,39.2446,55.5154,56.55,89,100,5.82,moderate rain
675,Bagan,RU,54.1001,77.6646,55.09,60,100,7.31,overcast clouds
676,Watertown,US,42.3709,-71.1828,64.42,60,100,17.27,overcast clouds
677,Cranbourne,AU,-38.1,145.2833,72.14,50,60,11.01,broken clouds
678,Ariquemes,BR,-9.9133,-63.0408,74.21,98,76,2.44,broken clouds
679,Garowe,SO,8.4054,48.4845,77.5,72,49,7.76,scattered clouds
680,Yar-Sale,RU,66.8333,70.8333,10.99,91,95,13.44,overcast clouds
681,Rolla,US,37.9514,-91.7713,57.34,34,20,9.22,few clouds
682,Kamenka,RU,51.3223,42.7678,50.92,79,100,12.64,overcast clouds
